{
  "block_validation_ms": {
    "avg": 1.3889500005461741,
    "min": 1.0318000022380147,
    "max": 1.7321000013907906
  },
  "sub_block_latency_ms": {
    "avg": 0.9198749994538957,
    "min": 0.5615999980363995,
    "max": 1.240099998540245
  },
  "tps": {
    "throughput": 31104199.1,
    "batch_size": 10000,
    "elapsed_sec": 0.0003
  }
}