{
  "mainnet_blockcount": {
    "ok": 0,
    "fail": 500,
    "rps": 94.6113472062825,
    "p50": 279.6894311904907,
    "p95": 553.6940097808838,
    "p99": 653.4163951873779
  },
  "mainnet_richlist": {
    "ok": 0,
    "fail": 200,
    "rps": 69.91193551433095,
    "p50": 246.93620204925537,
    "p95": 401.5777111053467,
    "p99": 510.7259750366211
  },
  "mainnet_oracle": {
    "ok": 0,
    "fail": 200,
    "rps": 65.20741068775229,
    "p50": 256.10101222991943,
    "p95": 595.0219631195068,
    "p99": 635.6716156005859
  },
  "testnet_blockcount": {
    "ok": 345,
    "fail": 155,
    "rps": 71.72537540570465,
    "p50": 290.554404258728,
    "p95": 1030.7178497314453,
    "p99": 1688.8279914855957
  },
  "testnet_richlist": {
    "ok": 20,
    "fail": 180,
    "rps": 18.339584656879282,
    "p50": 212.85569667816162,
    "p95": 6005.274534225464,
    "p99": 8189.761638641357
  },
  "testnet_oracle": {
    "ok": 192,
    "fail": 8,
    "rps": 57.851619145180834,
    "p50": 279.7420024871826,
    "p95": 747.495174407959,
    "p99": 785.4068279266357
  }
}